{"start": 370, "end": 730, "data": [ 0.000100, 0.000100, 0.000100, 0.000100, 0.000100, 0.000100, 0.000100, 0.000100, 0.000100, 0.000100, 0.001904, 0.001904, 0.009424, 0.009424, 0.009344, 0.009344, 0.006672, 0.006672, 0.015920, 0.015920, 0.008880, 0.008880, 0.009568, 0.009568, 0.011600, 0.011600, 0.004816, 0.004816, 0.006016, 0.006016, 0.008656, 0.008656, 0.008912, 0.008912, 0.011008, 0.011008, 0.006272, 0.006272, 0.006640, 0.006640, 0.005152, 0.005152, 0.004512, 0.004512, 0.007072, 0.007072, 0.005888, 0.005888, 0.006560, 0.006560, 0.008736, 0.008736, 0.010672, 0.010672, 0.012176, 0.012176, 0.015536, 0.015536, 0.021120, 0.021120, 0.025920, 0.025920, 0.032960, 0.032960, 0.046080, 0.046080, 0.057440, 0.057440, 0.071680, 0.071680, 0.092640, 0.092640, 0.118560, 0.118560, 0.156320, 0.156320, 0.204800, 0.204800, 0.260800, 0.260800, 0.324800, 0.324800, 0.404800, 0.404800, 0.492800, 0.492800, 0.576000, 0.576000, 0.640000, 0.640000, 0.694400, 0.694400, 0.720000, 0.720000, 0.712000, 0.712000, 0.688000, 0.688000, 0.646400, 0.646400, 0.592000, 0.592000, 0.550400, 0.550400, 0.512000, 0.512000, 0.468800, 0.468800, 0.432000, 0.432000, 0.395200, 0.395200, 0.366400, 0.366400, 0.336000, 0.336000, 0.307200, 0.307200, 0.283200, 0.283200, 0.265600, 0.265600, 0.254400, 0.254400, 0.244800, 0.244800, 0.236800, 0.236800, 0.233600, 0.233600, 0.233600, 0.233600, 0.232000, 0.232000, 0.233600, 0.233600, 0.236800, 0.236800, 0.243200, 0.243200, 0.249600, 0.249600, 0.259200, 0.259200, 0.267200, 0.267200, 0.276800, 0.276800, 0.286400, 0.286400, 0.297600, 0.297600, 0.308800, 0.308800, 0.321600, 0.321600, 0.336000, 0.336000, 0.350400, 0.350400, 0.363200, 0.363200, 0.380800, 0.380800, 0.398400, 0.398400, 0.416000, 0.416000, 0.436800, 0.436800, 0.459200, 0.459200, 0.483200, 0.483200, 0.507200, 0.507200, 0.531200, 0.531200, 0.553600, 0.553600, 0.577600, 0.577600, 0.601600, 0.601600, 0.628800, 0.628800, 0.654400, 0.654400, 0.681600, 0.681600, 0.707200, 0.707200, 0.734400, 0.734400, 0.763200, 0.763200, 0.788800, 0.788800, 0.812800, 0.812800, 0.835200, 0.835200, 0.860800, 0.860800, 0.883200, 0.883200, 0.904000, 0.904000, 0.923200, 0.923200, 0.937600, 0.937600, 0.955200, 0.955200, 0.966400, 0.966400, 0.979200, 0.979200, 0.990400, 0.990400, 0.993600, 0.993600, 0.996800, 0.996800, 1.000000, 1.000000, 0.995200, 0.995200, 0.990400, 0.990400, 0.984000, 0.984000, 0.977600, 0.977600, 0.968000, 0.968000, 0.961600, 0.961600, 0.956800, 0.956800, 0.945600, 0.945600, 0.934400, 0.934400, 0.920000, 0.920000, 0.905600, 0.905600, 0.894400, 0.894400, 0.876800, 0.876800, 0.868800, 0.868800, 0.843200, 0.843200, 0.832000, 0.832000, 0.817600, 0.817600, 0.798400, 0.798400, 0.780800, 0.780800, 0.766400, 0.766400, 0.748800, 0.748800, 0.726400, 0.726400, 0.708800, 0.708800, 0.688000, 0.688000, 0.670400, 0.670400, 0.657600, 0.657600, 0.636800, 0.636800, 0.617600, 0.617600, 0.596800, 0.596800, 0.576000, 0.576000, 0.556800, 0.556800, 0.537600, 0.537600, 0.521600, 0.521600, 0.500800, 0.500800, 0.483200, 0.483200, 0.462400, 0.462400, 0.444800, 0.444800, 0.425600, 0.425600, 0.408000, 0.408000, 0.390400, 0.390400, 0.374400, 0.374400, 0.361600, 0.361600, 0.347200, 0.347200, 0.337600, 0.337600, 0.328000, 0.328000, 0.318400, 0.318400, 0.307200, 0.307200, 0.300800, 0.300800, 0.288000, 0.288000, 0.278400, 0.278400, 0.267200, 0.267200, 0.257600, 0.257600, 0.249600, 0.249600, 0.241600, 0.241600, 0.232000, 0.232000, 0.225600, 0.225600, 0.217600, 0.217600, 0.208000, 0.208000, 0.200000, 0.200000, 0.192000, 0.192000, 0.182400, 0.182400, 0.176000, 0.176000, 0.169600, 0.169600, 0.159680, 0.159680, 0.158240, 0.158240, 0.152160, 0.152160, 0.145600, 0.145600, 0.00001]}
