{"start": 370, "end": 730, "data": [ 0.000100, 0.000100, 0.000100, 0.000100, 0.000100, 0.000100, 0.000100, 0.000100, 0.000100, 0.000100, 0.000529, 0.000529, 0.001321, 0.001321, 0.001924, 0.001924, 0.002910, 0.002910, 0.000855, 0.000855, 0.002261, 0.002261, 0.003441, 0.003441, 0.005312, 0.005312, 0.007575, 0.007575, 0.004180, 0.004180, 0.002060, 0.002060, 0.003557, 0.003557, 0.005866, 0.005866, 0.006882, 0.006882, 0.005289, 0.005289, 0.004296, 0.004296, 0.005266, 0.005266, 0.006490, 0.006490, 0.007691, 0.007691, 0.009423, 0.009423, 0.011016, 0.011016, 0.014111, 0.014111, 0.018406, 0.018406, 0.022125, 0.022125, 0.028637, 0.028637, 0.036952, 0.036952, 0.049423, 0.049423, 0.063741, 0.063741, 0.076905, 0.076905, 0.090300, 0.090300, 0.100000, 0.100000, 0.116166, 0.116166, 0.137875, 0.137875, 0.162125, 0.162125, 0.187991, 0.187991, 0.212240, 0.212240, 0.237875, 0.237875, 0.258660, 0.258660, 0.274827, 0.274827, 0.284065, 0.284065, 0.288684, 0.288684, 0.284065, 0.284065, 0.272517, 0.272517, 0.258660, 0.258660, 0.235566, 0.235566, 0.214088, 0.214088, 0.197921, 0.197921, 0.181524, 0.181524, 0.163279, 0.163279, 0.148268, 0.148268, 0.138337, 0.138337, 0.129561, 0.129561, 0.123788, 0.123788, 0.118245, 0.118245, 0.114088, 0.114088, 0.110624, 0.110624, 0.109238, 0.109238, 0.110393, 0.110393, 0.114088, 0.114088, 0.123326, 0.123326, 0.135566, 0.135566, 0.150577, 0.150577, 0.171132, 0.171132, 0.193764, 0.193764, 0.221478, 0.221478, 0.249423, 0.249423, 0.288684, 0.288684, 0.321016, 0.321016, 0.355658, 0.355658, 0.385681, 0.385681, 0.415704, 0.415704, 0.434180, 0.434180, 0.445727, 0.445727, 0.450346, 0.450346, 0.450346, 0.450346, 0.443418, 0.443418, 0.429561, 0.429561, 0.413395, 0.413395, 0.399538, 0.399538, 0.392610, 0.392610, 0.387991, 0.387991, 0.383372, 0.383372, 0.378753, 0.378753, 0.362587, 0.362587, 0.339492, 0.339492, 0.316397, 0.316397, 0.293303, 0.293303, 0.277136, 0.277136, 0.267898, 0.267898, 0.258660, 0.258660, 0.254042, 0.254042, 0.249423, 0.249423, 0.247113, 0.247113, 0.249423, 0.249423, 0.251732, 0.251732, 0.256351, 0.256351, 0.267898, 0.267898, 0.284065, 0.284065, 0.304850, 0.304850, 0.332564, 0.332564, 0.367206, 0.367206, 0.413395, 0.413395, 0.475751, 0.475751, 0.556582, 0.556582, 0.639723, 0.639723, 0.715935, 0.715935, 0.759815, 0.759815, 0.762125, 0.762125, 0.706697, 0.706697, 0.607390, 0.607390, 0.512702, 0.512702, 0.438799, 0.438799, 0.385681, 0.385681, 0.362587, 0.362587, 0.364896, 0.364896, 0.387991, 0.387991, 0.418014, 0.418014, 0.450346, 0.450346, 0.491917, 0.491917, 0.558891, 0.558891, 0.642032, 0.642032, 0.750577, 0.750577, 0.861432, 0.861432, 0.953811, 0.953811, 1.000000, 1.000000, 0.969977, 0.969977, 0.859122, 0.859122, 0.697460, 0.697460, 0.519630, 0.519630, 0.390300, 0.390300, 0.300231, 0.300231, 0.235566, 0.235566, 0.189607, 0.189607, 0.158891, 0.158891, 0.138337, 0.138337, 0.121016, 0.121016, 0.111085, 0.111085, 0.100462, 0.100462, 0.094226, 0.094226, 0.087991, 0.087991, 0.083603, 0.083603, 0.079215, 0.079215, 0.075289, 0.075289, 0.071363, 0.071363, 0.068129, 0.068129, 0.064896, 0.064896, 0.062356, 0.062356, 0.060046, 0.060046, 0.058430, 0.058430, 0.054734, 0.054734, 0.053118, 0.053118, 0.051270, 0.051270, 0.049654, 0.049654, 0.048499, 0.048499, 0.045958, 0.045958, 0.042725, 0.042725, 0.040185, 0.040185, 0.040878, 0.040878, 0.038106, 0.038106, 0.037413, 0.037413, 0.035104, 0.035104, 0.034411, 0.034411, 0.033025, 0.033025, 0.032333, 0.032333, 0.032564, 0.032564, 0.030254, 0.030254, 0.028868, 0.028868, 0.028176, 0.028176, 0.024711, 0.024711, 0.023557, 0.023557, 0.022194, 0.022194, 0.023095, 0.023095, 0.021547, 0.021547, 0.019769, 0.019769, 0.021270, 0.021270, 0.00001]}
