{"start": 370, "end": 730, "data": [ 0.000100, 0.000100, 0.000100, 0.000100, 0.000100, 0.000100, 0.000100, 0.000100, 0.000100, 0.000100, 0.066767, 0.066767, 0.059459, 0.059459, 0.060961, 0.060961, 0.068769, 0.068769, 0.082583, 0.082583, 0.079079, 0.079079, 0.088789, 0.088789, 0.084384, 0.084384, 0.092192, 0.092192, 0.095696, 0.095696, 0.098699, 0.098699, 0.113113, 0.113113, 0.115115, 0.115115, 0.128128, 0.128128, 0.128128, 0.128128, 0.138138, 0.138138, 0.137137, 0.137137, 0.145145, 0.145145, 0.150150, 0.150150, 0.155155, 0.155155, 0.160160, 0.160160, 0.170170, 0.170170, 0.173173, 0.173173, 0.178178, 0.178178, 0.186186, 0.186186, 0.194194, 0.194194, 0.199199, 0.199199, 0.204204, 0.204204, 0.212212, 0.212212, 0.216216, 0.216216, 0.219219, 0.219219, 0.226226, 0.226226, 0.233233, 0.233233, 0.239239, 0.239239, 0.247247, 0.247247, 0.250250, 0.250250, 0.258258, 0.258258, 0.262262, 0.262262, 0.268268, 0.268268, 0.274274, 0.274274, 0.282282, 0.282282, 0.290290, 0.290290, 0.295295, 0.295295, 0.304304, 0.304304, 0.307307, 0.307307, 0.314314, 0.314314, 0.321321, 0.321321, 0.330330, 0.330330, 0.336336, 0.336336, 0.343343, 0.343343, 0.350350, 0.350350, 0.357357, 0.357357, 0.366366, 0.366366, 0.374374, 0.374374, 0.378378, 0.378378, 0.384384, 0.384384, 0.394394, 0.394394, 0.402402, 0.402402, 0.404404, 0.404404, 0.415415, 0.415415, 0.425425, 0.425425, 0.430430, 0.430430, 0.434434, 0.434434, 0.442442, 0.442442, 0.449449, 0.449449, 0.455455, 0.455455, 0.468468, 0.468468, 0.471471, 0.471471, 0.480480, 0.480480, 0.489489, 0.489489, 0.498498, 0.498498, 0.502503, 0.502503, 0.509510, 0.509510, 0.518519, 0.518519, 0.526527, 0.526527, 0.534535, 0.534535, 0.542543, 0.542543, 0.548549, 0.548549, 0.555556, 0.555556, 0.565566, 0.565566, 0.570571, 0.570571, 0.576577, 0.576577, 0.586587, 0.586587, 0.592593, 0.592593, 0.597598, 0.597598, 0.605606, 0.605606, 0.611612, 0.611612, 0.619620, 0.619620, 0.625626, 0.625626, 0.633634, 0.633634, 0.639640, 0.639640, 0.646647, 0.646647, 0.652653, 0.652653, 0.660661, 0.660661, 0.667668, 0.667668, 0.672673, 0.672673, 0.680681, 0.680681, 0.686687, 0.686687, 0.693694, 0.693694, 0.700701, 0.700701, 0.704705, 0.704705, 0.709710, 0.709710, 0.714715, 0.714715, 0.723724, 0.723724, 0.732733, 0.732733, 0.736737, 0.736737, 0.740741, 0.740741, 0.746747, 0.746747, 0.755756, 0.755756, 0.758759, 0.758759, 0.763764, 0.763764, 0.770771, 0.770771, 0.773774, 0.773774, 0.783784, 0.783784, 0.791792, 0.791792, 0.793794, 0.793794, 0.800801, 0.800801, 0.803804, 0.803804, 0.810811, 0.810811, 0.818819, 0.818819, 0.821822, 0.821822, 0.825826, 0.825826, 0.828829, 0.828829, 0.834835, 0.834835, 0.839840, 0.839840, 0.846847, 0.846847, 0.852853, 0.852853, 0.857858, 0.857858, 0.864865, 0.864865, 0.865866, 0.865866, 0.870871, 0.870871, 0.875876, 0.875876, 0.882883, 0.882883, 0.888889, 0.888889, 0.892893, 0.892893, 0.894895, 0.894895, 0.902903, 0.902903, 0.906907, 0.906907, 0.908909, 0.908909, 0.910911, 0.910911, 0.915916, 0.915916, 0.920921, 0.920921, 0.925926, 0.925926, 0.932933, 0.932933, 0.939940, 0.939940, 0.941942, 0.941942, 0.942943, 0.942943, 0.942943, 0.942943, 0.949950, 0.949950, 0.956957, 0.956957, 0.957958, 0.957958, 0.956957, 0.956957, 0.960961, 0.960961, 0.963964, 0.963964, 0.963964, 0.963964, 0.971972, 0.971972, 0.975976, 0.975976, 0.971972, 0.971972, 0.973974, 0.973974, 0.978979, 0.978979, 0.982983, 0.982983, 0.983984, 0.983984, 0.986987, 0.986987, 0.991992, 0.991992, 0.994995, 0.994995, 0.985986, 0.985986, 0.995996, 0.995996, 1.000000, 1.000000, 0.992993, 0.992993, 0.993994, 0.993994, 0.997998, 0.997998, 0.995996, 0.995996, 0.992993, 0.992993, 0.994995, 0.994995, 0.995996, 0.995996, 0.00001]}
