{"start": 370, "end": 730, "data": [ 52.089100, 52.089100, 51.877739, 51.666382, 51.455017, 51.032299, 51.032299, 50.820938, 50.609581, 50.398216, 49.975498, 49.975498, 50.442760, 50.910019, 51.377277, 52.311798, 52.311798, 52.779079, 53.246361, 53.713638, 54.648201, 54.648201, 57.458862, 60.269524, 63.080181, 68.701500, 68.701500, 71.512177, 74.322861, 77.133545, 82.754898, 82.754898, 83.627998, 84.501099, 85.374199, 87.120399, 87.120399, 87.993523, 88.866646, 89.739761, 91.486000, 91.486000, 91.680588, 91.875168, 92.069740, 92.458900, 92.458900, 92.653488, 92.848068, 93.042641, 93.431801, 93.431801, 92.756844, 92.081879, 91.406921, 90.056999, 90.056999, 89.382065, 88.707123, 88.032181, 86.682297, 86.682297, 88.500565, 90.318817, 92.137077, 95.773598, 95.773598, 97.591881, 99.410156, 101.228439, 104.864998, 104.864998, 106.079201, 107.293404, 108.507599, 110.935997, 110.935997, 112.150406, 113.364807, 114.579201, 117.008003, 117.008003, 117.088409, 117.168808, 117.249207, 117.410004, 117.410004, 117.490402, 117.570801, 117.651199, 117.811996, 117.811996, 117.516800, 117.221603, 116.926399, 116.335999, 116.335999, 116.041000, 115.746002, 115.451004, 114.861000, 114.861000, 114.967201, 115.073402, 115.179596, 115.391998, 115.391998, 115.498199, 115.604401, 115.710602, 115.922997, 115.922997, 115.211792, 114.500603, 113.789398, 112.366997, 112.366997, 111.655800, 110.944603, 110.233398, 108.810997, 108.810997, 108.865196, 108.919403, 108.973602, 109.082001, 109.082001, 109.136398, 109.190804, 109.245201, 109.353996, 109.353996, 109.198799, 109.043610, 108.888397, 108.578003, 108.578003, 108.422806, 108.267609, 108.112404, 107.802002, 107.802002, 107.500801, 107.199600, 106.898399, 106.295998, 106.295998, 105.994797, 105.693604, 105.392403, 104.790001, 104.790001, 105.079803, 105.369606, 105.659393, 106.238998, 106.238998, 106.529007, 106.819000, 107.109001, 107.689003, 107.689003, 107.360611, 107.032204, 106.703796, 106.046997, 106.046997, 105.718597, 105.390198, 105.061798, 104.404999, 104.404999, 104.369003, 104.333000, 104.296997, 104.224998, 104.224998, 104.189194, 104.153397, 104.117599, 104.045998, 104.045998, 103.641403, 103.236801, 102.832199, 102.023003, 102.023003, 101.618401, 101.213806, 100.809204, 100.000000, 100.000000, 99.633423, 99.266846, 98.900253, 98.167099, 98.167099, 97.800522, 97.433945, 97.067360, 96.334198, 96.334198, 96.279579, 96.224960, 96.170334, 96.061096, 96.061096, 96.006477, 95.951859, 95.897240, 95.788002, 95.788002, 95.077759, 94.367523, 93.657280, 92.236801, 92.236801, 91.526566, 90.816322, 90.106079, 88.685600, 88.685600, 88.817657, 88.949722, 89.081787, 89.345901, 89.345901, 89.477966, 89.610031, 89.742081, 90.006203, 90.006203, 89.965485, 89.924759, 89.884041, 89.802597, 89.802597, 89.761902, 89.721207, 89.680496, 89.599098, 89.599098, 89.409065, 89.219025, 89.028976, 88.648903, 88.648903, 88.458862, 88.268822, 88.078781, 87.698700, 87.698700, 87.257675, 86.816666, 86.375641, 85.493599, 85.493599, 85.052605, 84.611603, 84.170593, 83.288597, 83.288597, 83.329666, 83.370720, 83.411774, 83.493896, 83.493896, 83.534958, 83.576019, 83.617081, 83.699203, 83.699203, 83.331970, 82.964722, 82.597481, 81.862999, 81.862999, 81.495766, 81.128525, 80.761276, 80.026802, 80.026802, 80.045586, 80.064362, 80.083145, 80.120697, 80.120697, 80.139481, 80.158264, 80.177032, 80.214600, 80.214600, 80.420929, 80.627243, 80.833557, 81.246201, 81.246201, 81.452522, 81.658844, 81.865158, 82.277802, 82.277802, 81.878441, 81.479080, 81.079720, 80.280998, 80.280998, 79.881638, 79.482285, 79.082916, 78.284203, 78.284203, 77.427902, 76.571602, 75.715302, 74.002701, 74.002701, 73.146423, 72.290146, 71.433853, 69.721298, 69.721298, 69.910080, 70.098862, 70.287636, 70.665199, 70.665199, 70.853981, 71.042763, 71.231537, 71.609100, 71.609100, 71.883080, 72.157059, 72.431038, 72.978996, 72.978996, 73.252998, 73.527000, 73.800995, 74.348999, 74.348999, 73.074501, 71.800003, 70.525497, 67.976501, 67.976501, 66.702003, 65.427505, 64.153000, 61.604000, 61.604000, 62.432159, 63.260323, 64.088478, 65.744797, 65.744797, 65.744797, 65.744797, 65.744797, 0.00001]}
