{"start": 370, "end": 730, "data": [ 0.000100, 0.000100, 0.000100, 0.000100, 0.000100, 0.000100, 0.000100, 0.000100, 0.000100, 0.000100, 0.012373, 0.012373, 0.009322, 0.009322, 0.006924, 0.006924, 0.008280, 0.008280, 0.010932, 0.010932, 0.013136, 0.013136, 0.022034, 0.022034, 0.029237, 0.029237, 0.044746, 0.044746, 0.057797, 0.057797, 0.079831, 0.079831, 0.166949, 0.166949, 0.213559, 0.213559, 0.203390, 0.203390, 0.127119, 0.127119, 0.040847, 0.040847, 0.021695, 0.021695, 0.018814, 0.018814, 0.018898, 0.018898, 0.021695, 0.021695, 0.023644, 0.023644, 0.028983, 0.028983, 0.042881, 0.042881, 0.067966, 0.067966, 0.100847, 0.100847, 0.148305, 0.148305, 0.305932, 0.305932, 0.604237, 0.604237, 0.690678, 0.690678, 0.543220, 0.543220, 0.230508, 0.230508, 0.072458, 0.072458, 0.076186, 0.076186, 0.078475, 0.078475, 0.081017, 0.081017, 0.083220, 0.083220, 0.087288, 0.087288, 0.090678, 0.090678, 0.093220, 0.093220, 0.096610, 0.096610, 0.101695, 0.101695, 0.105085, 0.105085, 0.107627, 0.107627, 0.111017, 0.111017, 0.113559, 0.113559, 0.116949, 0.116949, 0.121186, 0.121186, 0.125424, 0.125424, 0.128814, 0.128814, 0.132203, 0.132203, 0.137288, 0.137288, 0.144068, 0.144068, 0.152542, 0.152542, 0.162712, 0.162712, 0.168644, 0.168644, 0.172881, 0.172881, 0.176271, 0.176271, 0.177119, 0.177119, 0.176271, 0.176271, 0.179661, 0.179661, 0.183898, 0.183898, 0.188983, 0.188983, 0.194068, 0.194068, 0.203390, 0.203390, 0.212712, 0.212712, 0.222034, 0.222034, 0.234746, 0.234746, 0.245763, 0.245763, 0.256780, 0.256780, 0.266949, 0.266949, 0.278814, 0.278814, 0.285593, 0.285593, 0.294068, 0.294068, 0.300847, 0.300847, 0.306780, 0.306780, 0.311864, 0.311864, 0.316102, 0.316102, 0.319492, 0.319492, 0.327119, 0.327119, 0.347458, 0.347458, 0.388136, 0.388136, 0.561864, 0.561864, 0.833898, 0.833898, 1.000000, 1.000000, 0.940678, 0.940678, 0.570339, 0.570339, 0.366102, 0.366102, 0.355085, 0.355085, 0.350847, 0.350847, 0.350000, 0.350000, 0.351695, 0.351695, 0.356780, 0.356780, 0.361017, 0.361017, 0.367797, 0.367797, 0.374576, 0.374576, 0.380508, 0.380508, 0.394915, 0.394915, 0.475424, 0.475424, 0.566949, 0.566949, 0.611864, 0.611864, 0.578814, 0.578814, 0.506780, 0.506780, 0.461017, 0.461017, 0.462712, 0.462712, 0.469492, 0.469492, 0.471186, 0.471186, 0.472034, 0.472034, 0.475424, 0.475424, 0.481356, 0.481356, 0.485593, 0.485593, 0.490678, 0.490678, 0.496610, 0.496610, 0.500847, 0.500847, 0.512712, 0.512712, 0.537288, 0.537288, 0.557627, 0.557627, 0.570339, 0.570339, 0.566949, 0.566949, 0.563559, 0.563559, 0.567797, 0.567797, 0.577119, 0.577119, 0.588136, 0.588136, 0.593220, 0.593220, 0.598305, 0.598305, 0.603390, 0.603390, 0.609322, 0.609322, 0.608475, 0.608475, 0.595763, 0.595763, 0.580508, 0.580508, 0.569492, 0.569492, 0.566102, 0.566102, 0.563559, 0.563559, 0.566102, 0.566102, 0.578814, 0.578814, 0.600847, 0.600847, 0.625424, 0.625424, 0.644915, 0.644915, 0.663559, 0.663559, 0.684746, 0.684746, 0.701695, 0.701695, 0.695763, 0.695763, 0.659322, 0.659322, 0.604237, 0.604237, 0.555932, 0.555932, 0.516102, 0.516102, 0.477966, 0.477966, 0.444068, 0.444068, 0.419492, 0.419492, 0.403390, 0.403390, 0.389830, 0.389830, 0.377966, 0.377966, 0.363559, 0.363559, 0.352542, 0.352542, 0.342373, 0.342373, 0.332203, 0.332203, 0.323729, 0.323729, 0.311864, 0.311864, 0.298305, 0.298305, 0.288136, 0.288136, 0.278814, 0.278814, 0.269492, 0.269492, 0.260170, 0.260170, 0.253390, 0.253390, 0.247458, 0.247458, 0.241525, 0.241525, 0.229661, 0.229661, 0.222034, 0.222034, 0.213559, 0.213559, 0.203390, 0.203390, 0.196610, 0.196610, 0.188983, 0.188983, 0.183898, 0.183898, 0.176271, 0.176271, 0.167797, 0.167797, 0.162712, 0.162712, 0.00001]}
