{"start": 370, "end": 730, "data": [ 0.000100, 0.000100, 0.000100, 0.000100, 0.000100, 0.000100, 0.000100, 0.000100, 0.000100, 0.000100, 0.008176, 0.008176, 0.008764, 0.008764, 0.007263, 0.007263, 0.008072, 0.008072, 0.009122, 0.009122, 0.009319, 0.009319, 0.015358, 0.015358, 0.024134, 0.024134, 0.032679, 0.032679, 0.040993, 0.040993, 0.056236, 0.056236, 0.118938, 0.118938, 0.153580, 0.153580, 0.148961, 0.148961, 0.098037, 0.098037, 0.040878, 0.040878, 0.029215, 0.029215, 0.031986, 0.031986, 0.037991, 0.037991, 0.048499, 0.048499, 0.059931, 0.059931, 0.076328, 0.076328, 0.099192, 0.099192, 0.135104, 0.135104, 0.181293, 0.181293, 0.241339, 0.241339, 0.407621, 0.407621, 0.707852, 0.707852, 0.815242, 0.815242, 0.702079, 0.702079, 0.421478, 0.421478, 0.279446, 0.279446, 0.299076, 0.299076, 0.314088, 0.314088, 0.331409, 0.331409, 0.341801, 0.341801, 0.355658, 0.355658, 0.367206, 0.367206, 0.378753, 0.378753, 0.386836, 0.386836, 0.398383, 0.398383, 0.406467, 0.406467, 0.411085, 0.411085, 0.419169, 0.419169, 0.420323, 0.420323, 0.424942, 0.424942, 0.429561, 0.429561, 0.434180, 0.434180, 0.433025, 0.433025, 0.433025, 0.433025, 0.435335, 0.435335, 0.435335, 0.435335, 0.438799, 0.438799, 0.443418, 0.443418, 0.439954, 0.439954, 0.436490, 0.436490, 0.434180, 0.434180, 0.424942, 0.424942, 0.412240, 0.412240, 0.408776, 0.408776, 0.404157, 0.404157, 0.394919, 0.394919, 0.385681, 0.385681, 0.378753, 0.378753, 0.374134, 0.374134, 0.367206, 0.367206, 0.364896, 0.364896, 0.355658, 0.355658, 0.351039, 0.351039, 0.346420, 0.346420, 0.345266, 0.345266, 0.334873, 0.334873, 0.331409, 0.331409, 0.327945, 0.327945, 0.324480, 0.324480, 0.319861, 0.319861, 0.318707, 0.318707, 0.315242, 0.315242, 0.315242, 0.315242, 0.326790, 0.326790, 0.354503, 0.354503, 0.516166, 0.516166, 0.869515, 0.869515, 1.000000, 1.000000, 0.894919, 0.894919, 0.523095, 0.523095, 0.323326, 0.323326, 0.312933, 0.312933, 0.308314, 0.308314, 0.306005, 0.306005, 0.303695, 0.303695, 0.306005, 0.306005, 0.307159, 0.307159, 0.310624, 0.310624, 0.312933, 0.312933, 0.315242, 0.315242, 0.323326, 0.323326, 0.391455, 0.391455, 0.473441, 0.473441, 0.511547, 0.511547, 0.479215, 0.479215, 0.408776, 0.408776, 0.359122, 0.359122, 0.355658, 0.355658, 0.357968, 0.357968, 0.356813, 0.356813, 0.354503, 0.354503, 0.355658, 0.355658, 0.357968, 0.357968, 0.357968, 0.357968, 0.360277, 0.360277, 0.362587, 0.362587, 0.363741, 0.363741, 0.368360, 0.368360, 0.371824, 0.371824, 0.371824, 0.371824, 0.375289, 0.375289, 0.376443, 0.376443, 0.377598, 0.377598, 0.381062, 0.381062, 0.381062, 0.381062, 0.379908, 0.379908, 0.374134, 0.374134, 0.370670, 0.370670, 0.368360, 0.368360, 0.364896, 0.364896, 0.362587, 0.362587, 0.360277, 0.360277, 0.356813, 0.356813, 0.352194, 0.352194, 0.348730, 0.348730, 0.345266, 0.345266, 0.341801, 0.341801, 0.339492, 0.339492, 0.334873, 0.334873, 0.326790, 0.326790, 0.324480, 0.324480, 0.319861, 0.319861, 0.314088, 0.314088, 0.308314, 0.308314, 0.303695, 0.303695, 0.297921, 0.297921, 0.290993, 0.290993, 0.285219, 0.285219, 0.279446, 0.279446, 0.273672, 0.273672, 0.266744, 0.266744, 0.258660, 0.258660, 0.252887, 0.252887, 0.247113, 0.247113, 0.240185, 0.240185, 0.233256, 0.233256, 0.226328, 0.226328, 0.220554, 0.220554, 0.214781, 0.214781, 0.211316, 0.211316, 0.204388, 0.204388, 0.196305, 0.196305, 0.189376, 0.189376, 0.182448, 0.182448, 0.176674, 0.176674, 0.170901, 0.170901, 0.167436, 0.167436, 0.163972, 0.163972, 0.157044, 0.157044, 0.151270, 0.151270, 0.145497, 0.145497, 0.140878, 0.140878, 0.133949, 0.133949, 0.129330, 0.129330, 0.124711, 0.124711, 0.120092, 0.120092, 0.116628, 0.116628, 0.112702, 0.112702, 0.109122, 0.109122, 0.00001]}
