{"start": 370, "end": 730, "data": [ 0.000100, 0.000100, 0.000100, 0.000100, 0.000100, 0.000100, 0.000100, 0.000100, 0.000100, 0.000100, 0.005553, 0.005553, 0.004590, 0.004590, 0.005112, 0.005112, 0.005818, 0.005818, 0.005800, 0.005800, 0.005174, 0.005174, 0.005552, 0.005552, 0.004867, 0.004867, 0.005291, 0.005291, 0.004770, 0.004770, 0.004514, 0.004514, 0.004756, 0.004756, 0.005303, 0.005303, 0.004905, 0.004905, 0.004788, 0.004788, 0.005059, 0.005059, 0.005074, 0.005074, 0.005830, 0.005830, 0.006432, 0.006432, 0.007939, 0.007939, 0.009960, 0.009960, 0.013581, 0.013581, 0.017700, 0.017700, 0.023568, 0.023568, 0.031395, 0.031395, 0.042740, 0.042740, 0.058442, 0.058442, 0.076275, 0.076275, 0.100053, 0.100053, 0.133644, 0.133644, 0.172212, 0.172212, 0.224147, 0.224147, 0.295568, 0.295568, 0.385561, 0.385561, 0.487689, 0.487689, 0.592332, 0.592332, 0.724587, 0.724587, 0.833626, 0.833626, 0.925783, 0.925783, 0.981182, 0.981182, 1.000000, 1.000000, 0.965881, 0.965881, 0.893950, 0.893950, 0.811115, 0.811115, 0.698206, 0.698206, 0.612381, 0.612381, 0.543440, 0.543440, 0.485016, 0.485016, 0.425150, 0.425150, 0.376257, 0.376257, 0.336141, 0.336141, 0.298364, 0.298364, 0.265635, 0.265635, 0.236898, 0.236898, 0.213999, 0.213999, 0.196518, 0.196518, 0.185262, 0.185262, 0.174956, 0.174956, 0.167200, 0.167200, 0.165951, 0.165951, 0.166972, 0.166972, 0.168924, 0.168924, 0.173918, 0.173918, 0.183873, 0.183873, 0.195990, 0.195990, 0.209497, 0.209497, 0.229458, 0.229458, 0.246694, 0.246694, 0.266444, 0.266444, 0.286704, 0.286704, 0.308653, 0.308653, 0.328016, 0.328016, 0.348030, 0.348030, 0.367886, 0.367886, 0.387074, 0.387074, 0.404309, 0.404309, 0.422775, 0.422775, 0.436511, 0.436511, 0.449595, 0.449595, 0.465371, 0.465371, 0.475431, 0.475431, 0.486581, 0.486581, 0.497380, 0.497380, 0.503887, 0.503887, 0.508794, 0.508794, 0.514492, 0.514492, 0.517552, 0.517552, 0.520594, 0.520594, 0.522740, 0.522740, 0.525747, 0.525747, 0.526082, 0.526082, 0.527295, 0.527295, 0.526486, 0.526486, 0.528315, 0.528315, 0.527788, 0.527788, 0.526398, 0.526398, 0.526873, 0.526873, 0.525202, 0.525202, 0.523514, 0.523514, 0.522687, 0.522687, 0.519205, 0.519205, 0.515951, 0.515951, 0.512381, 0.512381, 0.510288, 0.510288, 0.508477, 0.508477, 0.503676, 0.503676, 0.496852, 0.496852, 0.492842, 0.492842, 0.488903, 0.488903, 0.480637, 0.480637, 0.473672, 0.473672, 0.467974, 0.467974, 0.459989, 0.459989, 0.455434, 0.455434, 0.450598, 0.450598, 0.441435, 0.441435, 0.435684, 0.435684, 0.426381, 0.426381, 0.418185, 0.418185, 0.410253, 0.410253, 0.400915, 0.400915, 0.391136, 0.391136, 0.380865, 0.380865, 0.372142, 0.372142, 0.363313, 0.363313, 0.354502, 0.354502, 0.345656, 0.345656, 0.335807, 0.335807, 0.325783, 0.325783, 0.315230, 0.315230, 0.306068, 0.306068, 0.296571, 0.296571, 0.287214, 0.287214, 0.279124, 0.279124, 0.269996, 0.269996, 0.259743, 0.259743, 0.252093, 0.252093, 0.242737, 0.242737, 0.233327, 0.233327, 0.224727, 0.224727, 0.216426, 0.216426, 0.208143, 0.208143, 0.198611, 0.198611, 0.190468, 0.190468, 0.181938, 0.181938, 0.173760, 0.173760, 0.165740, 0.165740, 0.158002, 0.158002, 0.151724, 0.151724, 0.145762, 0.145762, 0.140204, 0.140204, 0.134400, 0.134400, 0.130056, 0.130056, 0.125624, 0.125624, 0.120929, 0.120929, 0.117007, 0.117007, 0.112311, 0.112311, 0.107035, 0.107035, 0.102884, 0.102884, 0.098716, 0.098716, 0.095234, 0.095234, 0.091031, 0.091031, 0.087548, 0.087548, 0.084013, 0.084013, 0.080144, 0.080144, 0.076310, 0.076310, 0.073655, 0.073655, 0.070577, 0.070577, 0.067112, 0.067112, 0.064158, 0.064158, 0.061819, 0.061819, 0.059022, 0.059022, 0.055997, 0.055997, 0.053711, 0.053711, 0.051089, 0.051089, 0.00001]}
